estimator,vectorizer,data_cleaning,lemmatized,train_acc,test_acc,train_bal_acc,test_bal_acc,params
logreg,count,minimal,no,0.9596316522111580,0.9020552344251770,0.9569938640310240,0.897909426924367,"{'countvectorizer__max_features': 5000, 'countvectorizer__ngram_range': (1, 1), 'countvectorizer__stop_words': None, 'logisticregression__C': 0.001}"
logreg,tfidf,minimal,no,0.9688403469322200,0.9020552344251770,0.96716351100331,0.8987845816990480,"{'logisticregression__C': 0.001, 'tfidfvectorizer__max_features': 5000, 'tfidfvectorizer__ngram_range': (1, 1), 'tfidfvectorizer__stop_words': None}"
bayes,count,minimal,no,0.9376806938644390,0.9171483622350680,0.937163929999674,0.9163733083656000,"{'countvectorizer__max_features': 6700, 'countvectorizer__ngram_range': (1, 1), 'countvectorizer__stop_words': 'english', 'multinomialnb__alpha': 0.12}"
logreg,count,deep,no,0.9560278902384160,0.897133220910624,0.9536739555080340,0.8933438012707080,"{'countvectorizer__max_features': 4500, 'countvectorizer__ngram_range': (1, 1), 'countvectorizer__stop_words': 'english', 'logisticregression__C': 0.0008}"
logreg,count,deep,yes,0.9691857849752590,0.9042158516020240,0.9681824291989960,0.9022833860107950,"{'countvectorizer__max_features': 4500, 'countvectorizer__ngram_range': (1, 1), 'countvectorizer__stop_words': None, 'logisticregression__C': 0.003}"
logreg,tfidf,deep,yes,0.974246513720198,0.8984822934232720,0.9732425243095800,0.896592193541077,"{'logisticregression__C': 0.003, 'tfidfvectorizer__max_features': 5000, 'tfidfvectorizer__ngram_range': (1, 1), 'tfidfvectorizer__stop_words': 'english'}"
bayes,count,deep,no,0.9114934772829510,0.8974704890387860,0.91034709756017,0.8955302767201860,"{'countvectorizer__max_features': 3000, 'countvectorizer__ngram_range': (1, 2), 'countvectorizer__stop_words': 'english', 'multinomialnb__alpha': 0.3}"
bayes,tfidf,deep,no,0.9272379667116510,0.903204047217538,0.9257334737485720,0.9014473942389800,"{'multinomialnb__alpha': 0.05, 'tfidfvectorizer__max_features': 3300, 'tfidfvectorizer__ngram_range': (1, 1), 'tfidfvectorizer__stop_words': 'english'}"
bayes,count,deep,yes,0.939608636977058,0.9129848229342330,0.9385811608530300,0.9114615623419560,"{'countvectorizer__max_features': 5000, 'countvectorizer__ngram_range': (1, 1), 'countvectorizer__stop_words': 'english', 'multinomialnb__alpha': 0.07}"
bayes,tfidf,deep,yes,0.9429824561403510,0.9059021922428330,0.9423218289622560,0.9049318447920250,"{'multinomialnb__alpha': 0.3, 'tfidfvectorizer__max_features': 5000, 'tfidfvectorizer__ngram_range': (1, 1), 'tfidfvectorizer__stop_words': 'english'}"