data_cleaning,lemmatized,train_acc,test_acc,train_bal_acc,test_bal_acc,params
minimal,no,0.9596316522111576,0.9020552344251768,0.9569938640310244,0.897909426924367,"{'countvectorizer__max_features': 5000, 'countvectorizer__ngram_range': (1, 1), 'countvectorizer__stop_words': None, 'logisticregression__C': 0.001}"
minimal,no,0.9688403469322198,0.9020552344251768,0.96716351100331,0.8987845816990481,"{'logisticregression__C': 0.001, 'tfidfvectorizer__max_features': 5000, 'tfidfvectorizer__ngram_range': (1, 1), 'tfidfvectorizer__stop_words': None}"
minimal,no,0.9376806938644394,0.9171483622350676,0.937163929999674,0.9163733083656004,"{'countvectorizer__max_features': 6700, 'countvectorizer__ngram_range': (1, 1), 'countvectorizer__stop_words': 'english', 'multinomialnb__alpha': 0.12}"
deep,no,0.9560278902384164,0.897133220910624,0.9536739555080336,0.8933438012707076,"{'countvectorizer__max_features': 4500, 'countvectorizer__ngram_range': (1, 1), 'countvectorizer__stop_words': 'english', 'logisticregression__C': 0.0008}"
deep,yes,0.9691857849752586,0.9042158516020236,0.9681824291989956,0.9022833860107946,"{'countvectorizer__max_features': 4500, 'countvectorizer__ngram_range': (1, 1), 'countvectorizer__stop_words': None, 'logisticregression__C': 0.003}"
deep,yes,0.974246513720198,0.8984822934232715,0.9732425243095802,0.896592193541077,"{'logisticregression__C': 0.003, 'tfidfvectorizer__max_features': 5000, 'tfidfvectorizer__ngram_range': (1, 1), 'tfidfvectorizer__stop_words': 'english'}"
deep,no,0.9114934772829508,0.8974704890387858,0.91034709756017,0.8955302767201855,"{'countvectorizer__max_features': 3000, 'countvectorizer__ngram_range': (1, 2), 'countvectorizer__stop_words': 'english', 'multinomialnb__alpha': 0.3}"
deep,no,0.9272379667116508,0.903204047217538,0.9257334737485724,0.9014473942389803,"{'multinomialnb__alpha': 0.05, 'tfidfvectorizer__max_features': 3300, 'tfidfvectorizer__ngram_range': (1, 1), 'tfidfvectorizer__stop_words': 'english'}"
deep,yes,0.939608636977058,0.9129848229342328,0.9385811608530302,0.9114615623419562,"{'countvectorizer__max_features': 5000, 'countvectorizer__ngram_range': (1, 1), 'countvectorizer__stop_words': 'english', 'multinomialnb__alpha': 0.07}"
deep,yes,0.9429824561403509,0.9059021922428331,0.9423218289622561,0.9049318447920246,"{'multinomialnb__alpha': 0.3, 'tfidfvectorizer__max_features': 5000, 'tfidfvectorizer__ngram_range': (1, 1), 'tfidfvectorizer__stop_words': 'english'}"
